/*
Navicat MySQL Data Transfer

Source Server         : 本地
Source Server Version : 50620
Source Host           : localhost:3306
Source Database       : weixin

Target Server Type    : MYSQL
Target Server Version : 50620
File Encoding         : 65001

Date: 2016-04-14 16:51:16
*/

SET FOREIGN_KEY_CHECKS=0;

-- ----------------------------
-- Table structure for media
-- ----------------------------
DROP TABLE IF EXISTS `media`;
CREATE TABLE `media` (
  `id` varchar(32) NOT NULL,
  `created` int(11) DEFAULT NULL,
  `mediaId` varchar(64) DEFAULT NULL COMMENT '媒体素材id',
  `ctype` varchar(50) DEFAULT NULL COMMENT '类型有图片（image）、语音（voice）、视频（video）和缩略图（thumb)',
  `localName` varchar(255) DEFAULT NULL COMMENT '本地名称',
  `url` varchar(255) DEFAULT NULL COMMENT '素材url',
  `saveType` int(1) DEFAULT '0' COMMENT '素材类型：0临时素材，1永久素材',
  `title` varchar(255) DEFAULT NULL,
  `introduction` varchar(2000) DEFAULT NULL,
  `pubnumId` varchar(32) DEFAULT NULL,
  PRIMARY KEY (`id`)
) ENGINE=InnoDB DEFAULT CHARSET=utf8;

-- ----------------------------
-- Records of media
-- ----------------------------
INSERT INTO `media` VALUES ('00868592014E11E6B7FE3010B3A0F15C', '1460534520', '09ERr6uwQo5BLdZVOMFM5u8v1TYXQ05x_FvI-XY4wLbu_bphr20U_Wd3GhEyNhTc', 'video', 'upload/media/FE5454EE014D11E6B7FE3010B3A0F15C.mp4', '', '0', '', '', '1F2F0533F6ED11E58F303010B3A0F15C');
INSERT INTO `media` VALUES ('0B621923020A11E6ADFA3010B3A0F15C', '1460615284', 'aAgFthFu1xA3kWObYcL8RM6qZog_lA5Ul3JddZFShKk', 'video', 'upload/media/066DF74D020A11E6ADFA3010B3A0F15C.mp4', '', '1', '测试标题', '测试描述', '1F2F0533F6ED11E58F303010B3A0F15C');
INSERT INTO `media` VALUES ('0BB80723016A11E6BA5D3010B3A0F15C', '1460546565', 'Ng_Ki8Xp2ea3iFBQsJtLkGR0aJI5Uo1TwBfUHWU2KlT9YLJaU50Yx8wHs2tI96dz', 'video', 'upload/media/09AEA293016A11E6BA5D3010B3A0F15C.mp4', '', '0', '', '', '1F2F0533F6ED11E58F303010B3A0F15C');
INSERT INTO `media` VALUES ('0F5AF773016A11E6BA5D3010B3A0F15C', '1460546571', 'HmdTtCvdXukvH2xCRsUTElyklD2D_38Q_HaqxF-aCz0R7NoXrR0mFKv5qIi2YXGY', 'image', 'upload/media/0EC212D3016A11E6BA5D3010B3A0F15C.jpg', '', '0', '', '', '1F2F0533F6ED11E58F303010B3A0F15C');
INSERT INTO `media` VALUES ('19BFA443016A11E6BA5D3010B3A0F15C', '1460546589', '', 'thumb', 'upload/media/193A6EB3016A11E6BA5D3010B3A0F15C.jpg', '', '0', '', '', '1F2F0533F6ED11E58F303010B3A0F15C');
INSERT INTO `media` VALUES ('1F342043016A11E6BA5D3010B3A0F15C', '1460546598', '-p4hamMX3fjWfmd_Z9mUuht9Y7E5G4_qeJjR9o72nso', 'voice', 'upload/media/1E6FBED3016A11E6BA5D3010B3A0F15C.wav', '', '1', '', '', '1F2F0533F6ED11E58F303010B3A0F15C');
INSERT INTO `media` VALUES ('302CDD05014511E68B623010B3A0F15C', '1460453806', 'PvJrti-v1Q3sYoH19vuadaHKMFTlrVWcwQkT_heQMd4', 'image', 'upload/media/0D0C22B5009211E699413010B3A0F15C.png', 'https://mmbiz.qlogo.cn/mmbiz/rLRxm6HPRCJASMmwiaZC58moULN0Hu8Jd0MYz2XD7kyQlbacPxdumy4aqSLkHkibn60uO83JoVJYfUEUPwGZpQXA/0?wx_fmt=png', '1', '', '', '1F2F0533F6ED11E58F303010B3A0F15C');
INSERT INTO `media` VALUES ('3068D61E014511E68B623010B3A0F15C', '1460431900', 'ma6WQLXpXgMMRhKwDRloAQLe0_1f59lbn3vmfVFl_1k', 'video', 'upload/media/09AEA293016A11E6BA5D3010B3A0F15C.mp4', '', '1', '', '', '1F2F0533F6ED11E58F303010B3A0F15C');
INSERT INTO `media` VALUES ('3077074B014511E68B623010B3A0F15C', '1460430867', 'ma6WQLXpXgMMRhKwDRloAdb17ByvUJHbdI_LZBSzoqM', 'video', 'upload/media/09AEA293016A11E6BA5D3010B3A0F15C.mp4', '', '1', '', '', '1F2F0533F6ED11E58F303010B3A0F15C');
INSERT INTO `media` VALUES ('3087F7AA014511E68B623010B3A0F15C', '1460356306', 'CLNWW7Ft6wXNu9-Qf3Fgatp-oKz4BQK4jt3IyCsxqMU', 'video', 'upload/media/09AEA293016A11E6BA5D3010B3A0F15C.mp4', '', '1', '', '', '1F2F0533F6ED11E58F303010B3A0F15C');
INSERT INTO `media` VALUES ('309C437F014511E68B623010B3A0F15C', '1460356270', 'CLNWW7Ft6wXNu9-Qf3Fgaia69-9TyxvwfnI3YNiq7Hk', 'video', 'upload/media/09AEA293016A11E6BA5D3010B3A0F15C.mp4', '', '1', '', '', '1F2F0533F6ED11E58F303010B3A0F15C');
INSERT INTO `media` VALUES ('30A9B157014511E68B623010B3A0F15C', '1460356233', 'CLNWW7Ft6wXNu9-Qf3FgasuN_DU2v6yVSctSzlssXt0', 'video', 'upload/media/09AEA293016A11E6BA5D3010B3A0F15C.mp4', '', '1', '', '', '1F2F0533F6ED11E58F303010B3A0F15C');
INSERT INTO `media` VALUES ('733C72A701E911E6858C3010B3A0F15C', '1460601285', 'QsGfPXdTO1fTV2I2VTudABBudpxRn4XspYQP-ViXO2k', 'image', 'upload/media/6FB4E27601E911E6858C3010B3A0F15C.jpg', 'https://mmbiz.qlogo.cn/mmbiz/rLRxm6HPRCJh8owxLDAsALFX8705POunZMDBib7ujyZuJvziaib6NnQp2N3ibxv7yXtjX7hh9H5BmjkkGu0TCSjRxA/0?wx_fmt=jpeg', '1', '', '', '1F2F0533F6ED11E58F303010B3A0F15C');
INSERT INTO `media` VALUES ('770274CD020F11E6B0533010B3A0F15C', '1460617612', 'jGslaa7Jxon8LbKHVlLDcOQTPX0foUPaFjA-R-F_zEhOG4jQddYRIC5MmR1W27RB', 'video', 'upload/media/72ADA44B020F11E6B0533010B3A0F15C.mp4', '', '0', '', '', '1F2F0533F6ED11E58F303010B3A0F15C');
INSERT INTO `media` VALUES ('8047CF83016A11E6AEF13010B3A0F15C', '1460546761', '', 'thumb', 'upload/media/7FB44213016A11E6AEF13010B3A0F15C.jpg', '', '0', '', '', '1F2F0533F6ED11E58F303010B3A0F15C');
INSERT INTO `media` VALUES ('84C7F5E3016911E6A3393010B3A0F15C', '1460546339', 'elK1JgRypdxQDZJw8kCz7x00u_Dm47h10VOF6YF08w-PjqG7usLSdG5Q8bRz5PEj', 'video', 'upload/media/82297D43016911E6A3393010B3A0F15C.mp4', '', '0', '', '', '1F2F0533F6ED11E58F303010B3A0F15C');
INSERT INTO `media` VALUES ('8AB57D03016A11E6AEF13010B3A0F15C', '1460546778', '-p4hamMX3fjWfmd_Z9mUugMnUYXb9Axt6mEfMYq9DVo', 'thumb', 'upload/media/8A196413016A11E6AEF13010B3A0F15C.jpg', 'https://mmbiz.qlogo.cn/mmbiz/rLRxm6HPRCISuryxh5Tav7jZeOZCpOkfQ5hqD1XYkU5eArRK5iamLmNLFCbRxEPPCck2eZhBHMo8Sia4RgFGUiaHg/0?wx_fmt=jpeg', '1', '', '', '1F2F0533F6ED11E58F303010B3A0F15C');
INSERT INTO `media` VALUES ('9C7CAC73016511E6A1263010B3A0F15C', '1460544661', 'jbzNRuRcEPw0tEw6ufq5kXxodmwDrQBR3oi2HOhRYcc', 'video', 'upload/media/970C0103016511E6A1263010B3A0F15C.mp4', '', '1', '标题', '描述描述描述描述', '1F2F0533F6ED11E58F303010B3A0F15C');
INSERT INTO `media` VALUES ('C6E35CA101FF11E692DE3010B3A0F15C', '1460610874', 'hDgk8aDHF82-8RW2t9mJcarkDhGqY-kvWGIeK7fEgqH-BS9X0CxE7moQ2rRf28aT', 'image', 'upload/media/C60B94BB01FF11E692DE3010B3A0F15C.jpg', '', '0', '', '', '1F2F0533F6ED11E58F303010B3A0F15C');
INSERT INTO `media` VALUES ('C88EF4B301FF11E692DE3010B3A0F15C', '1460610877', 'jDfzglCwlSvWu1vH4XF9gE3wuIFhgPv7aKLUCj7sjJ1bEkSpx4aJKzGmDlopEtvW', 'image', 'upload/media/C60B94BB01FF11E692DE3010B3A0F15C.jpg', '', '0', '', '', '1F2F0533F6ED11E58F303010B3A0F15C');
INSERT INTO `media` VALUES ('C95E09D001FF11E692DE3010B3A0F15C', '1460610878', 'pkJZ7hbVzGUmdAT1pS5lOwTnzfqoRPRFDA6H3B-OoN4km1fvcT7YNJI1FVskkX7q', 'image', 'upload/media/C60B94BB01FF11E692DE3010B3A0F15C.jpg', '', '0', '', '', '1F2F0533F6ED11E58F303010B3A0F15C');
INSERT INTO `media` VALUES ('CA27526701FF11E692DE3010B3A0F151', '1460610879', '9vC_UOIn3zrHiKWUA3gJVrl6FqmX06RKwShgRchITdRhbepdeypxLqMglsiK6UZ1', 'image', 'upload/media/C60B94BB01FF11E692DE3010B3A0F15C.jpg', '', '0', '', '', '1F2F0533F6ED11E58F303010B3A0F15C');
INSERT INTO `media` VALUES ('CA27526701FF11E692DE3010B3A0F15C', '1460610879', '9vC_UOIn3zrHiKWUA3gJVrl6FqmX06RKwShgRchITdRhbepdeypxLqMglsiK6UZN', 'image', 'upload/media/C60B94BB01FF11E692DE3010B3A0F15C.jpg', '', '0', '', '', '1F2F0533F6ED11E58F303010B3A0F15C');

-- ----------------------------
-- Table structure for media_news
-- ----------------------------
DROP TABLE IF EXISTS `media_news`;
CREATE TABLE `media_news` (
  `id` varchar(32) NOT NULL,
  `title` varchar(50) DEFAULT NULL COMMENT '标题',
  `thumb_media_id` varchar(64) DEFAULT NULL COMMENT '图文消息的封面图片素材id',
  `thumb_url` varchar(255) DEFAULT NULL COMMENT '图文消息的封面图片的地址',
  `show_cover_pic` int(1) DEFAULT NULL COMMENT '	是否显示封面，0为false，即不显示，1为true，即显示',
  `author` varchar(50) DEFAULT NULL,
  `digest` varchar(500) DEFAULT NULL,
  `content` text COMMENT '图文消息的具体内容，支持HTML标签，必须少于2万字符',
  `url` varchar(255) DEFAULT NULL COMMENT '图文页的URL',
  `content_source_url` varchar(255) DEFAULT NULL COMMENT '图文消息的原文地址，即点击“阅读原文”后的URL',
  `mediaId` varchar(64) DEFAULT NULL COMMENT '所属的图文素材ID',
  PRIMARY KEY (`id`)
) ENGINE=InnoDB DEFAULT CHARSET=utf8;

-- ----------------------------
-- Records of media_news
-- ----------------------------

-- ----------------------------
-- Table structure for menu_type
-- ----------------------------
DROP TABLE IF EXISTS `menu_type`;
CREATE TABLE `menu_type` (
  `id` varchar(32) NOT NULL,
  `name` varchar(50) DEFAULT NULL,
  `value` varchar(50) DEFAULT NULL,
  PRIMARY KEY (`id`)
) ENGINE=InnoDB DEFAULT CHARSET=utf8;

-- ----------------------------
-- Records of menu_type
-- ----------------------------
INSERT INTO `menu_type` VALUES ('1ACB1374FA5711E58AED6057182B3A68', 'scancode_waitmsg_扫码推事件且弹出“消息接收中”提示框', 'scancode_waitmsg');
INSERT INTO `menu_type` VALUES ('2E485C4AFA5711E58AED6057182B3A68', 'pic_sysphoto_弹出系统拍照发图', 'pic_sysphoto');
INSERT INTO `menu_type` VALUES ('510B3EA4F7F811E5BEC23010B3A0F15C', 'click_点击推事件', 'click');
INSERT INTO `menu_type` VALUES ('57B35D33F7F811E5BEC23010B3A0F15C', 'view_跳转URL', 'view');
INSERT INTO `menu_type` VALUES ('5F23D9F3F7F811E5BEC23010B3A0F15C', 'scancode_push_扫码推事件', 'scancode_push');

-- ----------------------------
-- Table structure for pubnum
-- ----------------------------
DROP TABLE IF EXISTS `pubnum`;
CREATE TABLE `pubnum` (
  `id` varchar(32) NOT NULL COMMENT 'id',
  `name` varchar(50) DEFAULT NULL COMMENT '订阅/公众号名称',
  `appid` varchar(18) DEFAULT NULL COMMENT '第三方用户唯一凭证',
  `appsecret` varchar(32) DEFAULT NULL COMMENT '第三方用户唯一凭证密钥',
  `userid` varchar(32) DEFAULT NULL,
  `created` int(11) DEFAULT NULL,
  `token` varchar(32) DEFAULT NULL,
  PRIMARY KEY (`id`)
) ENGINE=InnoDB DEFAULT CHARSET=utf8;

-- ----------------------------
-- Records of pubnum
-- ----------------------------
INSERT INTO `pubnum` VALUES ('1F2F0533F6ED11E58F303010B3A0F15C', 'gh_4c5d3e510995', 'wx6c8a3beb5709e3d1', 'd4624c36b6795d1d99dcf0547af5443d', '423F7D111E5A', '1446542802', 'a07fbd22a3bd11e5ada43010b3a0f');
INSERT INTO `pubnum` VALUES ('2FF57F87FB0011E5AA223010B3A0F15C', '自己的', 'wx7387b8a980dcaaee', '15e338d726360b0cd479247cf4473349', '423F7D111E5A', '1459841392', 'a07fbd22a3bd11e5ada43010b3a0f');
INSERT INTO `pubnum` VALUES ('62754E6DF7FA11E5BEC23010B3A0F15C', '内涵段子', '', '', '423F7D111E5B', '1459509047', '');

-- ----------------------------
-- Table structure for token
-- ----------------------------
DROP TABLE IF EXISTS `token`;
CREATE TABLE `token` (
  `id` varchar(32) NOT NULL,
  `token` varchar(512) DEFAULT NULL,
  `pubnumid` varchar(32) DEFAULT NULL,
  `created` int(11) DEFAULT NULL,
  PRIMARY KEY (`id`)
) ENGINE=InnoDB DEFAULT CHARSET=utf8;

-- ----------------------------
-- Records of token
-- ----------------------------
INSERT INTO `token` VALUES ('071C5261006311E6AC1F3010B3A0F15C', '_m9EAwa_cR53DjFQu7mLgVAEkJd-W07SJsfDOF9arGvxOk-dsNeWOPPiJWW755Qsec6mytx1iKIOFGWhKl5OrszZHeH_R2he-wv6odKFAUYTHUgACAGUH', '1F2F0533F6ED11E58F303010B3A0F15C', '1460433600');
INSERT INTO `token` VALUES ('07564E21006311E6AC1F3010B3A0F15C', '3Dp-ur5QiOGZsfg_UjldJpMp6isyvOBUk7UyNcHWOPDo_rAtckRMttFr68z_hHN_phk24o9Ra0YG5RsdkD7H8_jpT3vNzXphrZfTEaN4mNXsc_i_qcFno7ah2jbCIJG3VGZcABADOH', '2FF57F87FB0011E5AA223010B3A0F15C', '1460433600');
INSERT INTO `token` VALUES ('0C5901C4FAFC11E5BE763010B3A0F15C', 'A56860XyDLrrhZPDnYTnQe9gtb4EcZ8s_lIQZk471nnUXG_QC5Zm2rxiRTnUmLXXQ8WzDn2fSqiUFpibfzEvwHg7CvzFqfttmfU_n7aGBW5thGtpawFEIZ2iPViz_m9GJNHbAGAOSM', '1F2F0533F6ED11E58F303010B3A0F15C', '1459839615');
INSERT INTO `token` VALUES ('0C59F1ECF7B011E59B003010B3A0F15C', 'Tg7hhyE4Wuijy521qTAgzEZ6MadauHizwCj8cvbu6h2sxgL0u2KM7j6OieoXAXdyw_doPueT-fCHV4R5h98Iq8Hvsl3s6Om2ECZcQesjY0g7f5hSZB7jmcctJ344kOxYXTUeADATPQ', '1F2F0533F6ED11E58F303010B3A0F15C', '1459477119');
INSERT INTO `token` VALUES ('0D10C51AFC6B11E5B73B3010B3A0F15C', 'qyoqQcG2ckVEsOQnl4QrcQdbQFMhgl4kX-bLC_EOesgQoj1BQdtNqtKB8yQAIaRyNistdJuEpT9UeB9CCT8z3d63FyR_1fOryia29nzTCsDpOAcO3XIq74fze31TWEF1IJJiAEAPQQ', '1F2F0533F6ED11E58F303010B3A0F15C', '1459997241');
INSERT INTO `token` VALUES ('1024B745FFF611E5934D3010B3A0F15C', 'N-GP0CMo9xLR3FKR8JVy-zvgxskHCGF2SLtdqdgpo7dkTtJMevgZXJ3Z12zVksOhbCokiE5o5MiaZ26Rdogy2VYov90xFNAA8eINeW5H-A2dgYOumRG-SqKAlBHJ3ir2RIRiAGAEVE', '1F2F0533F6ED11E58F303010B3A0F15C', '1460386800');
INSERT INTO `token` VALUES ('108920F7FFF611E5934D3010B3A0F15C', '0w3pNtBNFtqKBPgWceszseMkDzQOxtMxE-Zn9f02gBqAlOd4O18qZhBXsr394O3iDzF75CO5vmyNStWqDSCifO0-tnN532tVYwO7wOt1LGoUJOdADAFUZ', '2FF57F87FB0011E5AA223010B3A0F15C', '1460386800');
INSERT INTO `token` VALUES ('12B3398C004E11E6934D3010B3A0F15C', 'X9WpJQ3FyUHXl-ahOIjJPGFTDV_ylqqEK1FxBtpKb47ff_xVSI-SNwq1dh-4TncEzmcHpnQW5EQd_wUZPCT5Au8zzPk88n2Blod5vEMaZYfIsXWu-QF_NohfaZlUQlaTZATfABAOPI', '1F2F0533F6ED11E58F303010B3A0F15C', '1460424600');
INSERT INTO `token` VALUES ('12DA98AE004E11E6934D3010B3A0F15C', 'mCeQmCpf0FjCVstu8_EX4EyiZ7jmRhWB0RkUC8TNSz6D-m6XQmeCoeG0qXC1gGGmiHHtDm_uDf2t8nNqTLc8cy33UfPoqQim989DUk7OowkZ9f2gJZgZkDjPOR86MPjeBWXjAJAWRS', '2FF57F87FB0011E5AA223010B3A0F15C', '1460424600');
INSERT INTO `token` VALUES ('13F0AA70021B11E6B0533010B3A0F15C', '1SM1B_P8yXqtLtHUB13deXIdCe-iqO06_A0w1TZtyy8x8UrrVMSU1tOuyQhOhHacF_CkE3neDVtpNKSvJMaq_2bemQG-b7WqcSGMvvVzSJYOPHfAJAHIA', '2FF57F87FB0011E5AA223010B3A0F15C', '1460622600');
INSERT INTO `token` VALUES ('1508057D00A611E692FC3010B3A0F15C', 'Q9-uULekRf3Q6u1d6ExoxjuQmOwmPonHmZ6Ubt9MFyEAwpDndkwBKEWCSiF_1YEkz4OrxMPb2limNA7qGNIO-bf3lIkLoKZPYsPhrs8CiHLNa657BPThPWI4C_oZOyVDBVMdAHAXRI', '2FF57F87FB0011E5AA223010B3A0F15C', '1460462399');
INSERT INTO `token` VALUES ('16A84C8001E411E6AF103010B3A0F15C', '82QyMHT-Bj3GP-SHvriv0xjPbS8RFsqd6G1Zxsw84DImzAeXp77csIKGiE0bkZAwGgoMBSlZMt_cjDTXFu6cpwLW05mQmcCzucHTSfLCUa02ay3VEwksBx8VHWJcXj_rSHJhAIAYNP', '1F2F0533F6ED11E58F303010B3A0F15C', '1460598982');
INSERT INTO `token` VALUES ('191DACB0FF8911E5BC003010B3A0F15C', 'iddy4gz3aRkLEG1XcvARQfk8W8gYy-8c-p0PPZzMv1iTfJAag9Mq4oHtadN62huRpsrwa7ExXJKl3bCS3EysHZ2RiYNy4H7r8Ue-VY24gjCiToZou1DqELY1X-GlslsBYNSjAIAKZE', '2FF57F87FB0011E5AA223010B3A0F15C', '1460340000');
INSERT INTO `token` VALUES ('1A5D8574015611E681D43010B3A0F15C', '-iwx5Y671IqOifTEOTQ6yn3K2iS_WHOoI1onsGbgbOChkxWohp9Ly-IK4qbN7DSV3AZM6AHGyl2Rgw2OW0Lg-ehCF13WF74cqSrBdTNb4Pa3sR5kYVU3H892xJ7RpYlWXURaAHAHEB', '2FF57F87FB0011E5AA223010B3A0F15C', '1460538000');
INSERT INTO `token` VALUES ('1FA7B1C3020611E6ADFA3010B3A0F15C', 'C87ohOR37y2XLzz0ZJNnvFHA5K-rI3wluOKQ0X82mhe1OqSXyBEQCnVQBlzqovJcKRkT9DQwSZEqeqjtwfCOOFWoIQx32NorLp5v3uyb0TgKq7g-AW1sUke5dih6hxArSSPfACAHHE', '1F2F0533F6ED11E58F303010B3A0F15C', '1460613600');
INSERT INTO `token` VALUES ('2002F379020611E6ADFA3010B3A0F15C', '33d3KDMMoRWl5VxH8NCmXkuLQx0nQG7IYiDkGedvueWa12H-VT-hgfu54tXyRxYqbgHs1QJ8sWYrP2DtjNqdIHbL210Ub7JCn4-lVSwG7pitxjOB1EHBbSDVEV9uneHhEGMdAJAZBH', '2FF57F87FB0011E5AA223010B3A0F15C', '1460613601');
INSERT INTO `token` VALUES ('204F5549F7E411E598703010B3A0F15C', 'oOh0vxjY5ZaaafEtY1P4WoPQZ_yQLR6uv1jt4EVuF7g3QUhWEu8Iu-hrurxP6nFS9astGOuEUJNw8yKem3CWbie7EvSvgl96q1xnWcFQVzwiaNT82uAE___T2txbMVBiIOOjADANTT', '1F2F0533F6ED11E58F303010B3A0F15C', '1459499487');
INSERT INTO `token` VALUES ('20F4FC63016511E6A1263010B3A0F15C', 'R21H08bIpy_BC5f8LuhjJxo77b7GSvbRChMVVKYzztm2h9M2xQGSUJ1PCgp14v9-4OmbMz2D23EPjsF-KbfJl1V9taOF0CiffNvKEwkW5ZZRWk3EZ0hm14oPYKo2dv7DQVLjAEAGLB', '1F2F0533F6ED11E58F303010B3A0F15C', '1460544453');
INSERT INTO `token` VALUES ('211DFB1CFD4F11E58D1A3010B3A0F15C', 'JoggzQZKxHFWkXf2C6hSYiTSAZOR5QWQhD6Z9_TFKvwyw64qku4Lk-u1xGv4l_KZQbFyWRu5QVC8vpWazAtWRCBCflk8RsgogbILcs9ZDovqdU0I9MdDJqvgZ6zOqN-3MTBaAFASZH', '2FF57F87FB0011E5AA223010B3A0F15C', '1460095200');
INSERT INTO `token` VALUES ('2312F10E009111E6A8553010B3A0F15C', '3Dp-ur5QiOGZsfg_UjldJvm_M_-UzLIgzuQOWZXwDyQq5uaVVEbNOf_OWUxIYTFV4JprdfguDqCH3wjurKADkWIUpjB0ss70YG2N64D4MLhJ4aQ8imAYoRVKinfydeJfWJUeAAANAL', '2FF57F87FB0011E5AA223010B3A0F15C', '1460453404');
INSERT INTO `token` VALUES ('356CC779FA1E11E590636057182B3A68', 'VaBRE-rERCds50L0Nbzv9cajaXh753sZ4RCIOuzlHXMqlbywQ1LD46hgUrifZvVgrIfvVcJTE9uXDDT3q7qKVehTuna7sg6fgzqQ3n7r_USWZVsaykjmJeu3KMVRJzN-PGBcAIAULG', '1F2F0533F6ED11E58F303010B3A0F15C', '1459744335');
INSERT INTO `token` VALUES ('3D0D1D1A011711E692FC3010B3A0F15C', 'QI8g7QdUymXVhNKh4qvdrH6CXujDm_N1Duf5i2HsSGGJZLpeersITTJ4U8eTITeTp5cU8XvU729d_ngiH9By5XgnmdqMuXqxSxKROiKhxipWsLY4pcMOWTDid4MOq58qRAEdADABKO', '1F2F0533F6ED11E58F303010B3A0F15C', '1460511000');
INSERT INTO `token` VALUES ('3D39AB5A011711E692FC3010B3A0F15C', 'FHBAvU27YkiWwJFEu8og-7VFWwx1b1qwPhbNri6xujiG5POf95qu85CLxmSO47wX10Hs7rcyKyMrWSeh9vvbwWtF7feMw7wzdDK--PomgztRa5gm3LV1ootX6KwD16fXMDXiAAAFWQ', '2FF57F87FB0011E5AA223010B3A0F15C', '1460511000');
INSERT INTO `token` VALUES ('3DD9BC43015311E681D43010B3A0F15C', 'Z-Ugkg6Yn1ynZoND3Hq2pzc-rDoC-Xi-I95Sc490p_SHHlZ-yEu4RNMb2EWoTodOlPr7JlQQhgffdK8Wt1bkTqkfzQYe5is-oDxQ9qq8gogMPUcAIADGL', '1F2F0533F6ED11E58F303010B3A0F15C', '1460536771');
INSERT INTO `token` VALUES ('406E30F8FA4811E5BF416057182B3A68', 'dvRp4dxrf98kGWdfLxz_sI0Nx6NYvnKu_twKEHUmLDoykIyJjq7_JqDfwQLYEYVlbhUiX-BsABit9nBveIqgcb-wFczOAxIB9jBTIFreAz-dMjXL-BhxtI8s74IXJ_crTRPhABAXVT', '1F2F0533F6ED11E58F303010B3A0F15C', '1459762393');
INSERT INTO `token` VALUES ('48C00896010211E692FC3010B3A0F15C', '-h-tvaUNJ266PMFJLgmTG012tdqKTl8zGl4WQlo61VbTFOQDSFVv9jF0SAEA_JtXY7I9qZPAkyqm8DG5j6FQukkm4Ax-lU5dlV0EfX8Gb_AErGRBnHGgdwOvi8d02dcAQBQgAGAYJY', '1F2F0533F6ED11E58F303010B3A0F15C', '1460502000');
INSERT INTO `token` VALUES ('48FFD258010211E692FC3010B3A0F15C', 'Q9-uULekRf3Q6u1d6ExoxhgNg85XT-OQ8xJ3bIHv9s-50pjIfNRVJMQd5eZQkOiY9ZcNsCQ3ZYN45RUx5O-8qiPuis-rXBNntiXqu3E9F6wHTLjAAABNF', '2FF57F87FB0011E5AA223010B3A0F15C', '1460502000');
INSERT INTO `token` VALUES ('4CB7614DFFE511E5934D3010B3A0F15C', 'w_rnO3MVuKWnl7EDVWwYxXlkj1o622gw89y511EtAG4-cgXSPc68s8rJJNn-Wz3Y7ykQP5YKsqruPnJchP89kSUfDzAW6xwDeEsE7sVdQEwM_8cEV2ePyqzgv9ka_BNAKCEgADACUW', '1F2F0533F6ED11E58F303010B3A0F15C', '1460379600');
INSERT INTO `token` VALUES ('4D03394EFFE511E5934D3010B3A0F15C', '0_wrwphw54xsuDWUWwrJu6rDbNh3CAaA0hJNB0j7weaA2SHbLfb3T0AaDklHrQkVE3y5i9jjkjGNWEIPtQ9i3E763XvadOMcOdPvmb3w0x4KHJeABASPR', '2FF57F87FB0011E5AA223010B3A0F15C', '1460379600');
INSERT INTO `token` VALUES ('4F2E8980003D11E6934D3010B3A0F15C', 'Z-Ugkg6Yn1ynZoND3Hq2p31PLGRndsHyzJwuaOYUQTViIvjPzFPVtKTeSv5HipzJlCt9I49czP76JmLwS1A7A9h8oSNvZBmfkNSX_mwvQl_qKzfHD3PxrlZ0VPkXRAuhOFDaAFAKBZ', '1F2F0533F6ED11E58F303010B3A0F15C', '1460417400');
INSERT INTO `token` VALUES ('4F5FFB04003D11E6934D3010B3A0F15C', 'XB_LrfRHHip3TT2DzCRYYQcwOkxFQuWp01hHzdovjiHgXkB91ymrAzaKpSJdBzWDs-971G3G5g91ijgHmcd8wWbqI0Eq5hYt3MSzGMbrUka-5izKcwPW2b_jRZwDXcNjPNZjAHADBN', '2FF57F87FB0011E5AA223010B3A0F15C', '1460417400');
INSERT INTO `token` VALUES ('4FF11D5CFCAC11E5AB523010B3A0F15C', 'Z-Ugkg6Yn1ynZoND3Hq2p_zgT8FWtYG2e87_ek7dIBIGGiC8sInWX_0niskPNCrnUe5mCrUwJqdIYKBCD0GYSYYMlykUtrjyvz-vJbWNz43l5cPKVRHTZ5usW6yHbqn-DFKeAHAXZE', '1F2F0533F6ED11E58F303010B3A0F15C', '1460025271');
INSERT INTO `token` VALUES ('52F01223F7D111E5BF573010B3A0F15C', 'MuKuJpajmommH2r8B2Xs1cTfDNCmNQMgp7pKX01TSlH0--GhB5Txdix4V2pkqk0lzfDaTBt5vSBqbCE4qonnfwKd2mJAMR9PsJlS0_opxeVJYKZgpFhmgdVZW2AXP6eOYXObAJARQH', '1F2F0533F6ED11E58F303010B3A0F15C', '1459491411');
INSERT INTO `token` VALUES ('542D71E500ED11E692FC3010B3A0F15C', 'OVciNBoiNLrDtzx07qmGSSALBtnqICtdecAo7kkGE5mNNLR42Rj6PeTsbqFRCcODLxHiS4sx1kPlwftJEP_uYTNyJ58Tr0qBtoJ_bIRQfG7FKyZ0M_udINoXe8Qb9kapPSXiAAAEHM', '1F2F0533F6ED11E58F303010B3A0F15C', '1460493000');
INSERT INTO `token` VALUES ('545C230500ED11E692FC3010B3A0F15C', 'o3VR8vqnAI7x85Js2-dNeWxX0BPDFKnJejp7lkHZXIpeEE62jMZ8fBq-6oOkgg5GaTdcWyk5TVavO_KqiD_L-4nbKDNMXBmYf_K4r11X5oTSSWxjakG_1qpWPmir99EiRESiAGAGTH', '2FF57F87FB0011E5AA223010B3A0F15C', '1460493000');
INSERT INTO `token` VALUES ('56CC2C8C014511E68B623010B3A0F15C', 'TZMbJEpOLOEaWIky499eVQP7-l-HcTgY8AVu4G6J1Jh9psolqAaJVa5TkuzOWF7A5zBBEDWl2mEGSb7NwmjKDmF_MKSMfg3IiBzwCmltrfqtKmIJbZt65XJBF1eP2s57CBFgABATSW', '2FF57F87FB0011E5AA223010B3A0F15C', '1460530800');
INSERT INTO `token` VALUES ('58313558FFD011E5934D3010B3A0F15C', 'FOoMZ0e5JTtIiW2-yahgOWXOjL-4O0DHNRbdySoIkqo9ew_Nd2J5mFLReKhWo8C9ZmR9RpV31E3eevBk0w25E0mOUJzOLrwurgsjWqNwN248e_-rtINFdqEB39Ej2KHcBEUeAAAPSI', '1F2F0533F6ED11E58F303010B3A0F15C', '1460370600');
INSERT INTO `token` VALUES ('586083EEFFD011E5934D3010B3A0F15C', 'YeHoFwaxsiXCWVLBmLcdAIDZMkuYIkrdK3bUs9MYi785Yw2jQcO0cwBaEQpoWnqQQ4mQRcXGnnKGaPkG4V-kpTuvqoFGXcPdyAiFmwNKYvAZ6J7H4zBNzfk83GCUMBRLSHQaAIAZOX', '2FF57F87FB0011E5AA223010B3A0F15C', '1460370600');
INSERT INTO `token` VALUES ('5C1B620C01F511E689F53010B3A0F15C', '4fMr244kiW2TRTnvPeUDvAfi2WwqQ4_ZJDcEdN6CBgKbJx-iRJPSoBWhU1N0ggocKaNFA6otj3-PtVw1rZVzD4EGeJOF7kpBr_16xSbETYkQPIeAFAFEX', '1F2F0533F6ED11E58F303010B3A0F15C', '1460606400');
INSERT INTO `token` VALUES ('5C5E392201F511E689F53010B3A0F15C', 'aDRUJMVSYCJcdqUOf7wcd6UmbyjBr33G75TphD4yiayXIn4ThOH5d3kYGzLOjETOdfwktYUf_eeLX25rp-KWdZEWCK61f3SdEWOBADq2rZcLMChAIASTJ', '2FF57F87FB0011E5AA223010B3A0F15C', '1460606400');
INSERT INTO `token` VALUES ('6046920500D811E692FC3010B3A0F15C', 'vePyAjvSCkyBrBiLAVQnjaw4YTS6Uuu03MuLz9l1GpOOUY05fHLAn0iu0JBxvcwgmmDZwkRSulRHGKnIZVBUv-BUwCHCquEeJsmI3uudDA5xGy0CBm97SDA5jqdnRwPWPBZaACAWIG', '1F2F0533F6ED11E58F303010B3A0F15C', '1460484000');
INSERT INTO `token` VALUES ('608A78D500D811E692FC3010B3A0F15C', 'uaF5k4bnxPq25Prq3hZfJOWUXoeQArUmQMRdppBJrNdPTnKvpmj-ka-EX78l33d1qS9F89CZkUy1CoYqwcMbdQ4xsirL0mUIgva5hbdrsdQK8RM-hc_HetOtnTMSQZCUUZZgADAHMM', '2FF57F87FB0011E5AA223010B3A0F15C', '1460484001');
INSERT INTO `token` VALUES ('63B8867EFFBB11E5AFEF3010B3A0F15C', 'w3iwyV07W4JBbZOzc6A4GANlbmMTK6t2_blePeQWsDbLkhxMJvjjyjv6vG1rr8HZnE87yYRLgPbWHVFFMmVB3mm5N8PN3BxBMW70k8Smz-OwBrn8m6NwAYyBQPAYsBHRAHQfAIAQXG', '2FF57F87FB0011E5AA223010B3A0F15C', '1460361600');
INSERT INTO `token` VALUES ('6B72790C00C311E692FC3010B3A0F15C', 'C87ohOR37y2XLzz0ZJNnvNQGoB-dhnjKIsnqf05yarL_9ipxFOZc6gdeUuhCk1wIp2oaZ-9MDSapAw_Kt43gxT3FTh-hx8qmpAFxUfDZ9s64GpzZmV9YO1oXxHc3suFFGRHhABAMXN', '1F2F0533F6ED11E58F303010B3A0F15C', '1460475000');
INSERT INTO `token` VALUES ('7D72F7D9FF8711E5BC003010B3A0F15C', 'aHFMnw66KoR4F7lzIJJrBp5t7sRugnrQICDsnjtL_k6ITa-wqaD5xmhTV81ToxyFe7kvCarbCLK97N0yVuckJavypZ55KwSPy6eVeXeUX3sDPRiAGAMYA', '1F2F0533F6ED11E58F303010B3A0F15C', '1460339309');
INSERT INTO `token` VALUES ('8B60F25EFC8311E5AD3A3010B3A0F15C', '6DVzO0JzFOA88fo144kH5enediqzG-Il-DeVF0ajEqM6wrDAXDx3eDUDdkNeEav3EFxvL47BG2v6_vSw2KtRLHl38ZgEhxiVWKI-tI8j_WAkaZF49sdFSkDAE1MMRWfBKTUbACASBC', '1F2F0533F6ED11E58F303010B3A0F15C', '1460007761');
INSERT INTO `token` VALUES ('8BA7DD39002C11E6934D3010B3A0F15C', 'vajsk5To8GolRpVLG5i4jsnx6iFgV7bMxFcgIpJTJVSRftPt-YxVYko8LlZREhsT4mI1AbIzS9AqQyJbLJX_kdbPBHb8hhL5Ywe3Ps2PCs2q9w2e9l6maExMw6GKWPN-CGBjABAWAV', '1F2F0533F6ED11E58F303010B3A0F15C', '1460410200');
INSERT INTO `token` VALUES ('8BDE09CC002C11E6934D3010B3A0F15C', 'isDVhEWSd__VJJqNVnE1YUAdR2rmXuHb4rN8GE0EI8GEXEobCe0RV_8MTrotIebA25BDuWefBa3_fMkBG4DdKrAvjF2p6FZTJlggO83vfLuYGd0V9okjQAA1GzmN613BUNBbAHABUI', '2FF57F87FB0011E5AA223010B3A0F15C', '1460410200');
INSERT INTO `token` VALUES ('8C14251EF7F811E5BEC23010B3A0F15C', 'L5BjaStYEnmY0MiJCnfc8U69zNr1Z8Ga5QBx4b3oE1EJ1CawlQKkQQzz4Pc-5k_7KUf3FxsqVehtX6MjQmgwTu9V5kjqjkx44M5mF6AsnPT7Bs8c76McSJwc6Z3_Mhu5HSRbAIAUFE', '1F2F0533F6ED11E58F303010B3A0F15C', '1459508257');
INSERT INTO `token` VALUES ('959E0262FA3711E5905D6057182B3A68', '5VVOT4PpTxtvKQmu9PQunbrxU96fzgGE5R_NxJiJOidlW65mj99LQip2ya9o9LWtjDMwbj8MRcHkmqVAFMvmbeIT4viF5DI9vlziCABgxNw265pl3eJCIOYjGzOvB-PnKEWcACAOIA', '1F2F0533F6ED11E58F303010B3A0F15C', '1459755234');
INSERT INTO `token` VALUES ('9649F1DDFA5811E58AED6057182B3A68', 'Tg7hhyE4Wuijy521qTAgzLQFdVQPkGDX0-gZESEZ6DV_dIPSvByMFUFIGJAhrKPivrejntDNzM7Gqaql7FxpuQpQd722L1bQN4MohkcZwVzYXpNvbN1XcAOY2lMU5bnKSSCgAGANNX', '1F2F0533F6ED11E58F303010B3A0F15C', '1459769409');
INSERT INTO `token` VALUES ('9846FD6201E411E6AF103010B3A0F15C', 'aDRUJMVSYCJcdqUOf7wcd-gdWDb-cEIrcjUJh7NIiTT0rEi6jZ02yJss0xT-9v1382kGx34Yk2i2ts7A_OSZxXU_kruZSWj8oa90f6LKjRWGlkAH8RtsOV6d0fNpLuihUKWjAFAKAM', '2FF57F87FB0011E5AA223010B3A0F15C', '1460599200');
INSERT INTO `token` VALUES ('9B718DDCF82811E583636057182B3A68', 'lnPfi8KcicOcH8Jy-HBoULxyf3lHTuImgpmlfnDAz6X9LpAgwDw4YusxwziNiDf27zdlOrVYqR8woGJUuFyqril8wRungRMgg5kcwBKabENaYerbbsucYgZ4PBsgsI0qGVGjAJAKZK', '1F2F0533F6ED11E58F303010B3A0F15C', '1459528899');
INSERT INTO `token` VALUES ('9C545E3600C711E692FC3010B3A0F15C', 'g3PG9xSsk5YGNGJeGhYk6ndkFwLejsKFRtsVV8PHppLBLEO_LfLBluxEzhrIuVDHqXbJgOsoldmHQRAwRnqbORwPYFxmtMr0Azh-dVnfQ6-uFC2Hyz8jcrtKbLRrKeTWFFMeAEAIIP', '2FF57F87FB0011E5AA223010B3A0F15C', '1460476800');
INSERT INTO `token` VALUES ('9D7993DD008D11E6AB663010B3A0F15C', 'djHLmFu36ph33g-SBNlrfQgQApldwYXP_70Q7UR2AcB2CScxSSKlyK0hQzbNkMQQIKfUewQrd_TesUVmltUN0v00wQh_F-K1IyUSfsPtbaOLKZEk8h_tmkoRotaYRRDQWFWiAEAIRI', '1F2F0533F6ED11E58F303010B3A0F15C', '1460451891');
INSERT INTO `token` VALUES ('A19B6223017711E68B013010B3A0F15C', 'dvRp4dxrf98kGWdfLxz_sALWoPVz63KkxOber7MH5cqBF4gB-n70I-_1F9Kd1i5fwAjSmUQr9C8osK5RqjzILQID6duEFr3xpaDxdV729RmmYgXNgZdoo0xbvBaJTz20SGXdAFAWKB', '1F2F0533F6ED11E58F303010B3A0F15C', '1460552400');
INSERT INTO `token` VALUES ('A22D7FCFFD4B11E58D1A3010B3A0F15C', 'U2j2pWH1IxHp1Z9Mg2fHvVfE4Mj3UPEP4GAvNXkJBxOYI5noZNsSxegBDk1njHL0wfjfAsrPczMecjTFke5n-dc3zJopMQfdJwBCHFIYI5W4iDoXpWlF_GIzeJm1Us8wCWPgAHAMGZ', '1F2F0533F6ED11E58F303010B3A0F15C', '1460093698');
INSERT INTO `token` VALUES ('A7EC6B0E00B211E692FC3010B3A0F15C', 'N_xAmdojvqDeSFbJQmtoGzpgr4PrHclE2mkTMBD5livbVZZvZqIi5zb-D6bcCjniKLfIt4QRvctymytvuqefs2wA-qNE-6rRnQ_ZPnEkCMz2lsSVb_gu08Iu3TqxnJjjVXHfAAAYAK', '1F2F0533F6ED11E58F303010B3A0F15C', '1460467800');
INSERT INTO `token` VALUES ('ADD133E1014111E6813D3010B3A0F15C', 'OAnPjRY6NOfyyT_0AnrXeAHXnQs2oaR8abrQW5ivUa9YH_Of0WPTd0knj9DQq49gMWySsP21ywWp_PvC8WD3ntcY3WabIW5caH6ioNJUB6i9fadd1pvfcY1VnBhMnXPMGDVeAJAJGY', '1F2F0533F6ED11E58F303010B3A0F15C', '1460529228');
INSERT INTO `token` VALUES ('B02755AFFBDE11E59D1F3010B3A0F15C', 'vePyAjvSCkyBrBiLAVQnjfP49AlWUEciPlda4Gr_aI4VTXmlOs0W2UqQvNdpKAFhPNyGGdq90ViOs2J7k4YTS3ooWyw_7z3WXeCjVzVhx9-E2Uf1KLCFOcQGl0lTtXK6MTQcADARYV', '1F2F0533F6ED11E58F303010B3A0F15C', '1459936956');
INSERT INTO `token` VALUES ('B12E781CFD2911E594C03010B3A0F15C', '7-g-PNyptCTxyIOWh9LmtVvjSkp8IkkDVDfPAkv6wJzlHf--lSR2pQ_f8fZudlxkYDZ9diUNtkiqbNxbsMJfzFlaMM3DW83HNbfVxDmR5MmQ_M02vWJi6bAURmbxS66MPIVaAGACVI', '1F2F0533F6ED11E58F303010B3A0F15C', '1460079121');
INSERT INTO `token` VALUES ('B2734F87FD3A11E597D73010B3A0F15C', '-BGJPTGTRwRNFXS_cgjN2boWmpHec0OYtQdfW9ygbdoCLfTptTrKBadPWs11IQqktZmHWS7qSmDtbhxSOsiYJMHBK3oRewe4ZvqPW0awIHxjmj2K8APkBrKChC9vsf7dYACdAEANPR', '1F2F0533F6ED11E58F303010B3A0F15C', '1460086424');
INSERT INTO `token` VALUES ('B29CAA86FD3A11E597D73010B3A0F15C', 'hRrAaBOw_pyXPLwG2RFszGoTkEFjdEcjAUX61zfTa7szKmC9yJU9-KCT-ZD9Rh3lp4ZXkRBjnoBc3F5foT4u3_pcuf8YVQtnEAbPGXMIhCYuV5-6Dl3ssNVCs24_1vNlOISaAFAXRB', '2FF57F87FB0011E5AA223010B3A0F15C', '1460086425');
INSERT INTO `token` VALUES ('BA6EB5CCFC9811E599263010B3A0F15C', 'Yefumfh9-Spq2Mu4tST3vftUCyrNJFSKKEPPrR_WQG-p_D-HyN9rGw4e_622b4SLwUZq4Nb_VgQvlIiaiEOoyQhURpb2gL5oSKDbKX90V7lyDpYerqT0dVcnhayT4JAvPTAaAFALPW', '1F2F0533F6ED11E58F303010B3A0F15C', '1460016859');
INSERT INTO `token` VALUES ('BD162C92FB0111E5AAF33010B3A0F15C', 'cYGk8qQVOuD_8fBttfnvoUNw-zpF-uDHVkOSFrQD87oodyluZsOZVdvTu3CvW3Jcm6nmXiabEZRmCKnmvW6uuBU3GyGN51i3R0pDbV76GmXrOwsJovftzMfyGDwr1BBEVFYdAIAGQJ', '2FF57F87FB0011E5AA223010B3A0F15C', '1459842059');
INSERT INTO `token` VALUES ('C31F057EFFBC11E5AFEF3010B3A0F15C', 'E_mTU45r0Qax6V4qPrV_IWXc_6Zm3YhAWvaqtkPl__4TzGhBrv1a1oyh-yCqUFPKBRHKseBAlJCxZ4O2r92VsR2Te7AB2DmHTBgV2z3Y0UB_mtbMF626govwfzHse1NYBUFaAGAOHS', '1F2F0533F6ED11E58F303010B3A0F15C', '1460362189');
INSERT INTO `token` VALUES ('C7FCA695001B11E6934D3010B3A0F15C', 'FOoMZ0e5JTtIiW2-yahgObfX_VWUaTYSs1SGbFQn-gan70XmpAzUU6C1iWZzt90Y09NTHo728E6kiq1F_cLCWv-o597zgutP_JW2mpMtPABgMkVvkUTT7qh3hb_80bneGMYiAAAJPB', '1F2F0533F6ED11E58F303010B3A0F15C', '1460403000');
INSERT INTO `token` VALUES ('C8260085001B11E6934D3010B3A0F15C', 'rtrNtPSI-DJ1ZcqmB-Tn8mehyRRMIeisf8DwCGd9VDECa2ofIrQVODhY85bhzWD3kTCyqnT0TbcGrQUKUWVJQrP-kedtm5UVWM-QYGbL6BZc9QBYQ4Kk1tVMt_hV2p8_ADKhAJAPSZ', '2FF57F87FB0011E5AA223010B3A0F15C', '1460403000');
INSERT INTO `token` VALUES ('D261F7D3017B11E68B013010B3A0F15C', 'DrzzqJGMvn7kTO7sm_aLJUTDu9QxkMHVP2Ax4FNSu6Qm94JTqQlsUKoFhAFYo8M0s_Oj9P5jIIOY32C3J0wFgSD2aWlYMIwaTOON2DzimLAPP3SVObtn99qjaQRWJtwxCVShAHAQJG', '2FF57F87FB0011E5AA223010B3A0F15C', '1460554200');
INSERT INTO `token` VALUES ('D3AF0D24000611E6934D3010B3A0F15C', 'qbbizEJlb7YoD1JSo4SiGVpZ4qBECGm-NIM8UgtkNpVgyOqbNNsXOPKzKWJaZz77tvJ_DyDlQjZ-kkSA2XHIXDFqvHjuDGkOQnV9fk-q5o7CUEj_F9KUZp53TgthKB6aVQHdABAGBS', '1F2F0533F6ED11E58F303010B3A0F15C', '1460394000');
INSERT INTO `token` VALUES ('D3E90A60000611E6934D3010B3A0F15C', 'vP52v6EWQxEd7aRjPo2UDCMI-CWvOIYYY7y-BZQocCSH_nmbEnAdoDGVJYnj1zTTO5Kcsby28obx1O0n6Zoy6G9j7KatQeoIG-xzOab8etBTTihzCvZ0Y2URP995QmbrTXUaAJAMQN', '2FF57F87FB0011E5AA223010B3A0F15C', '1460394000');
INSERT INTO `token` VALUES ('D8E1FABAFD7411E5B40A3010B3A0F15C', 'Aey09kyjbGT-QFW5rAxQ7yIOTi5j34kZ6Ek4G2sA0rfB7OmVa8HjNAYUbG2Tbrhlkav3B0PvGR29eHl3MGSnL3thUMPslSRjkoi9UqIiSn1Xr7gp6C236WpmFIp8u66xYUKiAEAUQG', '1F2F0533F6ED11E58F303010B3A0F15C', '1460111400');
INSERT INTO `token` VALUES ('D90280EE00B611E692FC3010B3A0F15C', 'eVW7sgZm5cl2XB65bSsv2toeRD_jCLOTfCvGObk31b_SZc6sdOcpWGs6jlJ9CVTyXpJ8frq6L2jJ1II1d3j0294FrXAoA4p2b02f-4U5nv9p2w75rtDdJvoEbGXJJoxLIXCbAHANCH', '2FF57F87FB0011E5AA223010B3A0F15C', '1460469600');
INSERT INTO `token` VALUES ('D914A37AFD7411E5B40A3010B3A0F15C', 'JBVFYPmgL0OkRhK-wZ_iCxtHK8O8iGlMLJeV7HKUxfs5iIjtovueUiqgX1vDjCuKUVzo5Xay3IUOBFWI8vFD4p5nWkSpOPjHzm1fFjurPBRepi7CI0_6AnYNijt7ieAlSDThAEAYJZ', '2FF57F87FB0011E5AA223010B3A0F15C', '1460111400');
INSERT INTO `token` VALUES ('DFCA4916F81111E5B9926057182B3A68', 'R21H08bIpy_BC5f8LuhjJw-5pNhrN-pkpqhfT3Am7h0Gr0106VyHtiMXMV-gCXo8jvhM42mgeRcQGXQkVQE2ASCZFRBOqkhm6vdkdNecMUs7NZL1w961qInm23Z1WBemTTWjAEAEEH', '1F2F0533F6ED11E58F303010B3A0F15C', '1459519135');
INSERT INTO `token` VALUES ('E191D863FFAB11E5B0483010B3A0F15C', 'vePyAjvSCkyBrBiLAVQnjdI8n0CLMeYcZVHaRakSfMiFl-62MoKo57WPRG95Thmny3v9l7osvjs171jUBrihB9406CoQFAr8cDC36aql0GoITAeAIAYJQ', '1F2F0533F6ED11E58F303010B3A0F15C', '1460354939');
INSERT INTO `token` VALUES ('E3085C7C021611E6B0533010B3A0F15C', 'QWbvZK44slJRit5QyRngEJMsqF4RD9vnshuY7UTAjb44En-qOThc43PXjKEsMIxv8Xf6WhICqJu6Zym1oYvqJalyS7UOUqcH1Sk0XETY7Fql7IdVGTuWj1fVtKRQGKGIUXDaADAYBH', '1F2F0533F6ED11E58F303010B3A0F15C', '1460620800');
INSERT INTO `token` VALUES ('E46BD79900A111E692FC3010B3A0F15C', 'N_xAmdojvqDeSFbJQmtoG6XUa4x6Jctvh6lYB9eT50w06KTAJtXoqfVTTj2gQsRKiLJMRGafrEIlU8LPnAb9ewUaaHM65O7_nDOTiZi2SSFZTvYami4Cizd0u6RHKNDrSBXhADAGPL', '1F2F0533F6ED11E58F303010B3A0F15C', '1460460600');
INSERT INTO `token` VALUES ('E48FBD45FD5F11E5B0023010B3A0F15C', 'pZXvqWIDdoIQvIPIIwzwuvytm8vUuUFTGiZXtJRi98AhuGnedA2tgLFDo4z0fX-zTF3M2CaEaaF5WBSRu75SgquUqPrYvrLLEysNtqcxR8STx0c6SKTka4gdAVO62LqaSWOiAEAFJB', '1F2F0533F6ED11E58F303010B3A0F15C', '1460102400');
INSERT INTO `token` VALUES ('E4BAC5FFFD5F11E5B0023010B3A0F15C', 'yIt2PFR4yNflDlE572ZwCo5nJOnL0CFI38tIgMsSUwZfNnDhtQ1MfF_vw3aMhdqBwPOESTGylzB5azuAsS3DHTRfu6aQJIrdxnZDHPjQwgLUZ-mp-Pnh2-VQ_Afta05sDJOjAHAOUZ', '2FF57F87FB0011E5AA223010B3A0F15C', '1460102400');
INSERT INTO `token` VALUES ('ECBC3443016911E6BA5D3010B3A0F15C', 'zxmhatMwgfg1yBtVz9BVVTF0D9y3Zud7GuL4jHxymYGDsigvMuEn1h5CvYr11N4BfT4o0Ex3_nOCAGjaN-wIWNq9I4uqo_svbp1jjIr2M6Fh6VCZVzVhfLzbprB3i8QaKAJgAAAVLU', '2FF57F87FB0011E5AA223010B3A0F15C', '1460546513');
INSERT INTO `token` VALUES ('F9022B9FFD3511E58C223010B3A0F15C', 'JoggzQZKxHFWkXf2C6hSYtMDoWfxX7_o9cgHMm-b3jE_BL6_ZzrpWyEna20k0blNmFpEfqFKAmPa2F7et-ja38se5nZhaF3SB5jPz97mAQpNVez2r3vM6qfV1AelVfxKGMRgAGAAGL', '2FF57F87FB0011E5AA223010B3A0F15C', '1460084395');
INSERT INTO `token` VALUES ('FA67EE06FAD011E5AA6F3010B3A0F15C', 'U2j2pWH1IxHp1Z9Mg2fHvcmYZLZgUX-CfhkoWb5mT4sz_c7mAroQHDMbLmZYk2vGfbEwO3fYNwl841uUsrXOMLAx0HpHS_A7WyhOusKnSjgUcbcq6k7gTesUARD2bmp9SFQaAEAJWH', '1F2F0533F6ED11E58F303010B3A0F15C', '1459821116');
INSERT INTO `token` VALUES ('FC78BB41007711E6A47E3010B3A0F15C', 'G1O3VDkKPptLXKvT6bDFfEthtu9O-4SC73nKUK2OpUrz6BCQACy_0Bc1QvvnnEgICJtfGYaxLC9q_RK4KE07wU4hhwMhKTltRvoNGWc0zIkUDReABAMVJ', '1F2F0533F6ED11E58F303010B3A0F15C', '1460442601');
INSERT INTO `token` VALUES ('FCBDB381007711E6A47E3010B3A0F15C', 'yIt2PFR4yNflDlE572ZwCrLL50_XSyN3xb1V-U4Oyn5-mJnifTgX5W00wzws0j0vAaF5T6iEd45b0eDiuQMYG1ftGwdS0xRGuf0Y6e-MH_N8Tj_jtXc0WbEFapxDAPjkVTBfAFAECK', '2FF57F87FB0011E5AA223010B3A0F15C', '1460442602');
INSERT INTO `token` VALUES ('FEB09FB7FB0F11E588B13010B3A0F15C', '2J2sCf8ToNYasqXVPb6qdLDtho4r1dJxzukBbUN2u_-6eJR08FNZplb8b6XGol7xAry3u55p4PeOxePdO2TeoRtSThxYhgWiEC1VhPs27MQ8YObvfqfU5RkJ26k8wRQRNDHbADAQGK', '1F2F0533F6ED11E58F303010B3A0F15C', '1459848182');

-- ----------------------------
-- Table structure for user
-- ----------------------------
DROP TABLE IF EXISTS `user`;
CREATE TABLE `user` (
  `id` varchar(32) NOT NULL,
  `name` varchar(255) DEFAULT NULL,
  `nickname` varchar(50) DEFAULT NULL,
  `account` varchar(50) DEFAULT NULL,
  `passwd` varchar(50) DEFAULT NULL,
  `created` int(11) DEFAULT '0',
  PRIMARY KEY (`id`)
) ENGINE=InnoDB DEFAULT CHARSET=utf8;

-- ----------------------------
-- Records of user
-- ----------------------------
INSERT INTO `user` VALUES ('423F7D111E5A', '张三', '无天', 'admin', '111111', '1446542802');
INSERT INTO `user` VALUES ('423F7D111E5B', '张二', '无地', 'zhanger', '111111', '1446542812');
